{
  "EEG-Inception::Intertrial Coherence Analysis": [
    -0.2,
    0.8000000000000003
  ],
  "EEG-Inception::Time-Frequency Analysis": [
    0,
    0.8999999999999999
  ],
  "EEGNet::ERP Analysis": [
    0,
    1
  ],
  "Riemannian::Channel-Wise Connectivity Analysis": [
    0,
    0.8999999999999999
  ],
  "Riemannian::Spectral Analysis": [
    0,
    0.8999999999999999
  ]
}